sync,phase,uploadRequests,uploadRequestsCumulative,uploadSeconds,storageBytes,restoreRequests,restoreBytes,restoreSeconds,restoreIndex,restoreData,restoreOther
1,backup,13,13,1.113,3674225,17,3674704,20.937,2,6,9
2,backup,13,26,1.326,8921339,,,,,,
3,backup,13,39,1.072,11808818,,,,,,
4,backup,13,52,0.941,13385345,,,,,,
5,backup,13,65,0.93,15486324,,,,,,
6,backup,13,78,0.928,17062901,,,,,,
7,backup,13,91,0.998,20653550,,,,,,
8,backup,13,104,0.951,22492335,,,,,,
9,backup,13,117,0.952,25380002,,,,,,
10,backup,13,130,0.943,27481253,36,13120099,24.421,11,16,9
11,backup,13,143,1.226,31792985,,,,,,
12,backup,13,156,1.117,36694670,,,,,,
13,backup,13,169,1.036,39844716,,,,,,
14,backup,13,182,0.973,43476561,,,,,,
15,backup,13,195,0.974,45578039,,,,,,
16,backup,13,208,0.955,47941543,,,,,,
17,backup,13,221,1.087,51878259,,,,,,
18,backup,13,234,1.028,55028475,,,,,,
19,backup,13,247,0.99,58440956,,,,,,
20,backup,13,260,1.097,64737429,,,,,,
21,backup,13,273,5.252,67101062,,,,,,
22,backup,13,286,1.067,68837461,,,,,,
23,backup,13,299,1.113,76002327,,,,,,
24,backup,13,312,0.992,79152681,,,,,,
25,backup,13,325,1.03,81516529,,,,,,
26,backup,13,338,1.137,87970533,,,,,,
27,backup,13,351,1.217,91907427,,,,,,
28,backup,13,364,1.01,95844363,,,,,,
29,backup,13,377,0.903,97683794,,,,,,
30,backup,13,390,1.002,100047670,,,,,,
31,backup,13,403,0.98,103460228,,,,,,
32,backup,13,416,1.074,108586518,,,,,,
33,backup,13,429,0.999,110984233,,,,,,
34,backup,13,442,1.026,114397030,,,,,,
35,backup,13,455,0.998,118072011,,,,,,
36,backup,13,468,0.995,120436066,,,,,,
37,backup,13,481,0.988,123764946,,,,,,
38,backup,13,494,1.12,126653528,,,,,,
39,backup,13,507,0.98,130545223,,,,,,
40,backup,13,520,1.073,133171588,,,,,,
41,backup,13,533,1.104,137895705,,,,,,
42,backup,13,546,1.055,141787145,,,,,,
43,backup,13,559,1.073,144151508,,,,,,
44,backup,13,572,1.129,149441219,,,,,,
45,backup,13,585,1.039,155168166,,,,,,
46,backup,13,598,1.069,158538971,,,,,,
47,backup,13,611,1.128,163263390,,,,,,
48,backup,13,624,1.146,166368582,,,,,,
49,backup,13,637,1.024,168995393,,,,,,
50,backup,13,650,1.049,172188013,,,,,,
51,backup,13,663,1.051,175555504,,,,,,
52,backup,13,676,1.169,180017955,,,,,,
53,backup,13,689,1.114,182382816,,,,,,
54,backup,13,702,0.938,184647377,,,,,,
55,backup,13,715,0.999,187960717,,,,,,
56,backup,13,728,1.062,191112232,,,,,,
57,backup,13,741,1.209,199769638,,,,,,
58,backup,13,754,1.313,206067414,,,,,,
59,backup,13,767,0.984,209218858,,,,,,
60,backup,13,780,1.339,217132657,,,,,,
61,backup,13,793,1.033,219497711,,,,,,
62,backup,13,806,1.011,221757480,,,,,,
63,backup,13,819,1.175,226220008,,,,,,
64,backup,13,832,1.019,229109344,,,,,,
65,backup,13,845,1.078,235144985,,,,,,
66,backup,13,858,0.976,238034514,,,,,,
67,backup,13,871,1.036,243021587,,,,,,
68,backup,13,884,1.075,245648896,,,,,,
69,backup,13,897,1.063,250373826,,,,,,
70,backup,13,910,1.09,253525534,,,,,,
71,backup,13,923,1.195,259823616,,,,,,
72,backup,13,936,1.024,262713105,,,,,,
73,backup,13,949,0.979,264816069,,,,,,
74,backup,13,962,1.122,271900930,,,,,,
75,backup,13,975,0.956,274222882,,,,,,
76,backup,13,988,1.014,278161300,,,,,,
77,backup,13,1001,1.012,281229237,,,,,,
78,backup,13,1014,1.017,283594639,,,,,,
79,backup,13,1027,0.978,285960039,,,,,,
80,backup,13,1040,0.986,288587569,,,,,,
81,backup,13,1053,1.008,290868985,,,,,,
82,backup,13,1066,1.096,294807578,,,,,,
83,backup,13,1079,1.095,297435219,,,,,,
84,backup,13,1092,1.235,299740994,,,,,,
85,backup,13,1105,1.169,305603901,,,,,,
86,backup,13,1118,0.946,308493832,,,,,,
87,backup,13,1131,1.104,311646136,,,,,,
88,backup,13,1144,1.02,314217954,,,,,,
89,backup,13,1157,1.152,318507853,,,,,,
90,backup,13,1170,1.166,324544323,,,,,,
91,backup,13,1183,1.016,327217781,,,,,,
92,backup,13,1196,1.007,330107963,,,,,,
93,backup,13,1209,0.983,332735990,,,,,,
94,backup,13,1222,1.039,336412751,,,,,,
95,backup,13,1235,0.97,339040840,,,,,,
96,backup,13,1248,1.151,345601985,,,,,,
97,backup,13,1261,0.962,348175309,,,,,,
98,backup,13,1274,1.203,353949998,,,,,,
99,backup,13,1287,1.048,359200342,,,,,,
100,backup,13,1300,1.098,363139724,161,62480783,28.217,101,51,9
101,backup,13,1313,0.969,366030281,,,,,,
102,backup,13,1326,1.017,370065009,,,,,,
103,backup,13,1339,0.963,372693339,,,,,,
104,backup,13,1352,0.975,375321665,,,,,,
105,backup,13,1365,1.01,379756105,,,,,,
106,backup,13,1378,1.055,384482076,,,,,,
107,backup,13,1391,0.956,386848413,,,,,,
108,backup,13,1404,1.11,391836757,,,,,,
109,backup,13,1417,0.982,394727463,,,,,,
110,backup,13,1430,0.979,397093966,,,,,,
111,backup,13,1443,1.048,401820319,,,,,,
112,backup,13,1456,1.141,409604394,,,,,,
113,backup,13,1469,1.073,414342354,,,,,,
114,backup,13,1482,0.941,416709212,,,,,,
115,backup,13,1495,1.026,418813885,,,,,,
116,backup,13,1508,1.035,421454283,,,,,,
117,backup,13,1521,0.994,423663416,,,,,,
118,backup,13,1534,1.18,430225537,,,,,,
119,backup,13,1547,1.086,435214471,,,,,,
120,backup,13,1560,0.953,437626446,,,,,,
121,backup,13,1573,1.064,443469812,,,,,,
122,backup,13,1586,0.953,445836745,,,,,,
123,backup,13,1599,1.157,453985658,,,,,,
124,backup,13,1612,1.068,456876994,,,,,,
125,backup,13,1625,1.059,461079377,,,,,,
126,backup,13,1638,1.113,467840705,,,,,,
127,backup,13,1651,1.019,471272959,,,,,,
128,backup,13,1664,1.077,475009008,,,,,,
129,backup,13,1677,0.99,478424856,,,,,,
130,backup,13,1690,1.055,481054151,,,,,,
131,backup,13,1703,1.117,487092026,,,,,,
132,backup,13,1716,0.952,489721356,,,,,,
133,backup,13,1729,1.105,492088573,,,,,,
134,backup,13,1742,1.007,494991396,,,,,,
135,backup,13,1755,1.074,500589222,,,,,,
136,backup,13,1768,1.057,502431994,,,,,,
137,backup,13,1781,1.037,506634589,,,,,,
138,backup,13,1794,1.138,510312816,,,,,,
139,backup,13,1807,0.935,512680156,,,,,,
140,backup,13,1820,0.98,514785275,,,,,,
141,backup,13,1833,1.035,518725498,,,,,,
142,backup,13,1846,1.1,523976803,,,,,,
143,backup,13,1859,1.087,526868392,,,,,,
144,backup,13,1872,1.014,530284276,,,,,,
145,backup,13,1885,0.975,532709518,,,,,,
146,backup,13,1898,1.024,536210167,,,,,,
147,backup,13,1911,0.966,538577563,,,,,,
148,backup,13,1924,1.053,540944999,,,,,,
149,backup,13,1937,1.163,544099037,,,,,,
150,backup,13,1950,1.053,546503608,,,,,,
151,backup,13,1963,1.022,550182111,,,,,,
152,backup,13,1976,1.109,555787150,,,,,,
153,backup,13,1989,1.064,558588961,,,,,,
154,backup,13,2002,1.008,562267342,,,,,,
155,backup,13,2015,1.008,564449387,,,,,,
156,backup,13,2028,1.183,568390037,,,,,,
157,backup,13,2041,1.098,572068757,,,,,,
158,backup,13,2054,1.04,575559776,,,,,,
159,backup,13,2067,1.083,579162934,,,,,,
160,backup,13,2080,1.083,583890409,,,,,,
161,backup,13,2093,1.057,589404647,,,,,,
162,backup,13,2106,1.111,595705481,,,,,,
163,backup,13,2119,1.162,601743999,,,,,,
164,backup,13,2132,1.021,604636248,,,,,,
165,backup,13,2145,1.054,607790659,,,,,,
166,backup,13,2158,1.1,612753881,,,,,,
167,backup,13,2171,1.043,616694919,,,,,,
168,backup,13,2184,1.124,621947044,,,,,,
169,backup,13,2197,1.008,625625974,,,,,,
170,backup,13,2210,0.999,627731856,,,,,,
171,backup,13,2223,1.143,633267210,,,,,,
172,backup,13,2236,1.004,635635279,,,,,,
173,backup,13,2249,1.185,644456120,,,,,,
174,backup,13,2262,1.052,647610916,,,,,,
175,backup,13,2275,0.995,650336763,,,,,,
176,backup,13,2288,1.099,655461740,,,,,,
177,backup,13,2301,1.022,658120276,,,,,,
178,backup,13,2314,1.092,664159364,,,,,,
179,backup,13,2327,1.047,668184316,,,,,,
180,backup,13,2340,1.033,671348283,,,,,,
181,backup,13,2353,1.067,676227742,,,,,,
182,backup,13,2366,1.295,683213384,,,,,,
183,backup,13,2379,1.017,686214215,,,,,,
184,backup,13,2392,1.131,688844988,,,,,,
185,backup,13,2405,1.072,692524661,,,,,,
186,backup,13,2418,1.252,699662025,,,,,,
187,backup,13,2431,1.138,705439269,,,,,,
188,backup,13,2444,1.082,709118948,,,,,,
189,backup,13,2457,1.006,712482901,,,,,,
190,backup,13,2470,1.077,715900464,,,,,,
191,backup,13,2483,1.01,719253749,,,,,,
192,backup,13,2496,1.181,725555536,,,,,,
193,backup,13,2509,1.038,729759575,,,,,,
194,backup,13,2522,1.018,732694606,,,,,,
195,backup,13,2535,1.248,737423262,,,,,,
196,backup,13,2548,1.213,743082060,,,,,,
197,backup,13,2561,1.07,746499708,,,,,,
198,backup,13,2574,1.089,749130802,,,,,,
199,backup,13,2587,1.126,751954419,,,,,,
200,backup,13,2600,1.125,755634211,,,,,,
201,backup,13,2613,1.139,759406362,,,,,,
202,backup,13,2626,1.082,764659444,,,,,,
203,backup,13,2639,1.041,766910075,,,,,,
204,backup,13,2652,1.011,769797742,,,,,,
205,backup,13,2665,1.057,772048384,,,,,,
206,backup,13,2678,1.149,775728136,,,,,,
207,backup,13,2691,1.095,780457376,,,,,,
208,backup,13,2704,1.037,782564296,,,,,,
209,backup,13,2717,1.029,785458139,,,,,,
210,backup,13,2730,1.047,788181667,,,,,,
211,backup,13,2743,1.088,791930831,,,,,,
212,backup,13,2756,1.109,796397461,,,,,,
213,backup,13,2769,1.117,801326557,,,,,,
214,backup,13,2782,1.208,808609678,,,,,,
215,backup,13,2795,1.005,811221099,,,,,,
216,backup,13,2808,1.075,813939190,,,,,,
217,backup,13,2821,1.056,816662839,,,,,,
218,backup,13,2834,1.121,822440239,,,,,,
219,backup,13,2847,1.13,827253473,,,,,,
220,backup,13,2860,1.068,831195643,,,,,,
221,backup,13,2873,1.137,836388268,,,,,,
222,backup,13,2886,1.09,839806301,,,,,,
223,backup,13,2899,1.076,842699895,,,,,,
224,backup,13,2912,1.021,845159647,,,,,,
225,backup,13,2925,1.214,848839939,,,,,,
226,backup,13,2938,1.028,851933951,,,,,,
227,backup,13,2951,1.122,856000420,,,,,,
228,backup,13,2964,1.084,860041917,,,,,,
229,backup,13,2977,1.103,864246444,,,,,,
230,backup,13,2990,1.192,868185599,,,,,,
231,backup,13,3003,1.035,870919525,,,,,,
232,backup,13,3016,1.122,877001922,,,,,,
233,backup,13,3029,1.12,879986178,,,,,,
234,backup,13,3042,1.187,886812815,,,,,,
235,backup,13,3055,1.091,890230908,,,,,,
236,backup,13,3068,1.089,893124792,,,,,,
237,backup,13,3081,1.15,897530047,,,,,,
238,backup,13,3094,1.1,901253115,,,,,,
239,backup,13,3107,1.032,903532105,,,,,,
240,backup,13,3120,1.084,906950184,,,,,,
241,backup,13,3133,1.09,910920758,,,,,,
242,backup,13,3146,1.049,914229324,,,,,,
243,backup,13,3159,1.142,920585100,,,,,,
244,backup,13,3172,1.153,925576309,,,,,,
245,backup,13,3185,1.344,934531810,,,,,,
246,backup,13,3198,1.152,939746795,,,,,,
247,backup,13,3211,1.051,943164880,,,,,,
248,backup,13,3224,1.044,946320953,,,,,,
249,backup,13,3237,1.091,948690480,,,,,,
250,backup,13,3250,1.053,950999830,,,,,,
251,backup,13,3263,1.151,957187771,,,,,,
252,backup,13,3276,1.113,960605987,,,,,,
253,backup,13,3289,1.194,966493835,,,,,,
254,backup,13,3302,1.135,971654470,,,,,,
255,backup,13,3315,1.033,973762135,,,,,,
256,backup,13,3328,1.064,978059488,,,,,,
257,backup,13,3341,1.185,982917310,,,,,,
258,backup,13,3354,1.17,988677456,,,,,,
259,backup,13,3367,1.089,992620178,,,,,,
260,backup,13,3380,1.102,997810983,,,,,,
261,backup,13,3393,1.104,1001625402,,,,,,
262,backup,13,3406,1.099,1004538109,,,,,,
263,backup,13,3419,1.049,1007170026,,,,,,
264,backup,13,3432,1.057,1010064142,,,,,,
265,backup,13,3445,1.14,1014269287,,,,,,
266,backup,13,3458,1.164,1020084340,,,,,,
267,backup,13,3471,1.103,1022978392,,,,,,
268,backup,13,3484,1.08,1025852490,,,,,,
269,backup,13,3497,1.078,1029270952,,,,,,
270,backup,13,3510,1.01,1031640723,,,,,,
271,backup,13,3523,1.126,1034856355,,,,,,
272,backup,13,3536,1.1,1039585871,,,,,,
273,backup,13,3549,1.355,1048138571,,,,,,
274,backup,13,3562,1.068,1051204575,,,,,,
275,backup,13,3575,1.106,1053793957,,,,,,
276,backup,13,3588,1.092,1056688213,,,,,,
277,backup,13,3601,1.177,1061288128,,,,,,
278,backup,13,3614,1.214,1068980183,,,,,,
279,backup,13,3627,1.107,1073830033,,,,,,
280,backup,13,3640,1.045,1076200064,,,,,,
281,backup,13,3653,1.049,1078722495,,,,,,
282,backup,13,3666,1.073,1081092425,,,,,,
283,backup,13,3679,1.186,1084463139,,,,,,
284,backup,13,3692,1.301,1092183737,,,,,,
285,backup,13,3705,1.083,1097748253,,,,,,
286,backup,13,3718,1.076,1101167306,,,,,,
287,backup,13,3731,1.159,1107452231,,,,,,
288,backup,13,3744,1.127,1113279009,,,,,,
289,backup,13,3757,1.097,1117640482,,,,,,
290,backup,13,3770,1.145,1121310487,,,,,,
291,backup,13,3783,1.204,1125801303,,,,,,
292,backup,13,3796,1.05,1129744833,,,,,,
293,backup,13,3809,1.18,1134737153,,,,,,
294,backup,13,3822,1.142,1138676288,,,,,,
295,backup,13,3835,1.122,1142020011,,,,,,
296,backup,13,3848,1.206,1145518147,,,,,,
297,backup,13,3861,1.141,1150248176,,,,,,
298,backup,13,3874,1.121,1155728490,,,,,,
299,backup,13,3887,1.143,1158963099,,,,,,
300,backup,13,3900,1.088,1161595766,,,,,,
301,backup,13,3913,1.179,1166896552,,,,,,
302,backup,13,3926,1.105,1169313310,,,,,,
303,backup,13,3939,1.116,1172470190,,,,,,
304,backup,13,3952,1.311,1181577463,,,,,,
305,backup,13,3965,1.182,1186588747,,,,,,
306,backup,13,3978,1.138,1190844965,,,,,,
307,backup,13,3991,1.052,1194143390,,,,,,
308,backup,13,4004,1.252,1203241311,,,,,,
309,backup,13,4017,1.122,1206398239,,,,,,
310,backup,13,4030,1.124,1210665977,,,,,,
311,backup,13,4043,1.168,1215133704,,,,,,
312,backup,13,4056,1.094,1219754008,,,,,,
313,backup,13,4069,1.137,1223415388,,,,,,
314,backup,13,4082,1.052,1226572344,,,,,,
315,backup,13,4095,1.183,1232041059,,,,,,
316,backup,13,4108,1.076,1235453609,,,,,,
317,backup,13,4121,1.085,1238832945,,,,,,
318,backup,13,4134,1.122,1243051053,,,,,,
319,backup,13,4147,1.147,1246317870,,,,,,
320,backup,13,4160,1.177,1252371427,,,,,,
321,backup,13,4173,1.117,1255778132,,,,,,
322,backup,13,4186,1.105,1259668087,,,,,,
323,backup,13,4199,1.118,1263068656,,,,,,
324,backup,13,4212,1.168,1266487903,,,,,,
325,backup,13,4225,1.192,1271659058,,,,,,
326,backup,13,4238,1.237,1279785669,,,,,,
327,backup,13,4251,1.135,1285009665,,,,,,
328,backup,13,4264,1.191,1290740556,,,,,,
329,backup,13,4277,1.193,1297253048,,,,,,
330,backup,13,4290,1.266,1305647400,,,,,,
331,backup,13,4303,1.143,1310965429,,,,,,
332,backup,13,4316,1.205,1316160964,,,,,,
333,backup,13,4329,1.151,1321153721,,,,,,
334,backup,13,4342,1.085,1324048903,,,,,,
335,backup,13,4355,1.132,1328549696,,,,,,
336,backup,13,4368,1.235,1336722418,,,,,,
337,backup,13,4381,1.104,1340409401,,,,,,
338,backup,13,4394,1.042,1343616522,,,,,,
339,backup,13,4407,1.137,1348347058,,,,,,
340,backup,13,4420,1.205,1354959776,,,,,,
341,backup,13,4433,1.203,1360751343,,,,,,
342,backup,13,4446,1.338,1367169548,,,,,,
343,backup,13,4459,1.096,1370354357,,,,,,
344,backup,13,4472,1.073,1373801591,,,,,,
345,backup,13,4485,1.041,1376814906,,,,,,
346,backup,13,4498,1.124,1381305223,,,,,,
347,backup,13,4511,1.026,1383673234,,,,,,
348,backup,13,4524,1.131,1389065095,,,,,,
349,backup,13,4537,1.145,1391625489,,,,,,
350,backup,13,4550,1.151,1396262618,,,,,,
351,backup,13,4563,1.924,1402160600,,,,,,
352,backup,13,4576,1.075,1404693694,,,,,,
353,backup,13,4589,1.185,1409162146,,,,,,
354,backup,13,4602,1.251,1416021764,,,,,,
355,backup,13,4615,1.159,1420017975,,,,,,
356,backup,13,4628,1.102,1423262159,,,,,,
357,backup,13,4641,1.184,1428046373,,,,,,
358,backup,13,4654,1.083,1430545632,,,,,,
359,backup,13,4667,1.114,1433645386,,,,,,
360,backup,13,4680,1.138,1437851868,,,,,,
361,backup,13,4693,1.2,1441477005,,,,,,
362,backup,13,4706,1.098,1443403536,,,,,,
363,backup,13,4719,1.092,1447261768,,,,,,
364,backup,13,4732,1.231,1451206187,,,,,,
365,backup,13,4745,1.113,1455329031,,,,,,
366,backup,13,4758,1.203,1460973989,,,,,,
367,backup,13,4771,1.161,1465576479,,,,,,
368,backup,13,4784,1.261,1474011246,,,,,,
369,backup,13,4797,1.1,1476906760,,,,,,
370,backup,13,4810,1.167,1481063748,,,,,,
371,backup,13,4823,1.093,1483931709,,,,,,
372,backup,13,4836,1.063,1486939203,,,,,,
373,backup,13,4849,1.122,1492066026,,,,,,
374,backup,13,4862,1.054,1494699528,,,,,,
375,backup,13,4875,1.295,1499161673,,,,,,
376,backup,13,4888,1.223,1503865303,,,,,,
377,backup,13,4901,1.269,1510289471,,,,,,
378,backup,13,4914,1.186,1514496172,,,,,,
379,backup,13,4927,1.113,1520312145,,,,,,
380,backup,13,4940,0.946,1522822371,,,,,,
381,backup,13,4953,1.057,1528056536,,,,,,
382,backup,13,4966,1.215,1536406722,,,,,,
383,backup,13,4979,1.196,1542383855,,,,,,
384,backup,13,4992,1.079,1544865144,,,,,,
385,backup,13,5005,1.281,1550110418,,,,,,
386,backup,13,5018,1.191,1554841605,,,,,,
387,backup,13,5031,1.041,1557750114,,,,,,
388,backup,13,5044,1.037,1561170263,,,,,,
389,backup,13,5057,1.085,1565527435,,,,,,
390,backup,13,5070,1.117,1571557285,,,,,,
391,backup,13,5083,1.135,1577862935,,,,,,
392,backup,13,5096,1.085,1583503246,,,,,,
393,backup,13,5109,1.064,1588377248,,,,,,
394,backup,13,5122,1.108,1592394043,,,,,,
395,backup,13,5135,1.16,1598960437,,,,,,
396,backup,13,5148,1.193,1603712357,,,,,,
397,backup,13,5161,1.177,1606980389,,,,,,
398,backup,13,5174,1.225,1612674354,,,,,,
399,backup,13,5187,1.113,1616511942,,,,,,
400,backup,13,5200,1.175,1621185403,,,,,,
401,backup,13,5213,1.113,1623971720,,,,,,
402,backup,13,5226,1.089,1627800161,,,,,,
403,backup,13,5239,1.132,1630735225,,,,,,
404,backup,13,5252,1.17,1634449267,,,,,,
405,backup,13,5265,1.24,1637345588,,,,,,
406,backup,13,5278,1.148,1640667220,,,,,,
407,backup,13,5291,1.275,1648775994,,,,,,
408,backup,13,5304,1.168,1652761739,,,,,,
409,backup,13,5317,1.154,1656835548,,,,,,
410,backup,13,5330,1.289,1665246346,,,,,,
411,backup,13,5343,1.211,1672556804,,,,,,
412,backup,13,5356,1.205,1677267453,,,,,,
413,backup,13,5369,1.26,1681343561,,,,,,
414,backup,13,5382,1.17,1686004034,,,,,,
415,backup,13,5395,1.114,1688900494,,,,,,
416,backup,13,5408,1.105,1692560930,,,,,,
417,backup,13,5421,1.245,1697280364,,,,,,
418,backup,13,5434,1.112,1699927550,,,,,,
419,backup,13,5447,1.191,1707644120,,,,,,
420,backup,13,5460,1.042,1711343554,,,,,,
421,backup,13,5473,1.093,1713700382,,,,,,
422,backup,13,5486,1.078,1716492331,,,,,,
423,backup,13,5499,1.227,1720456695,,,,,,
424,backup,13,5512,3.258,1725346318,,,,,,
425,backup,13,5525,1.148,1728849605,,,,,,
426,backup,13,5538,1.134,1732617533,,,,,,
427,backup,13,5551,1.086,1735846809,,,,,,
428,backup,13,5564,1.231,1742330342,,,,,,
429,backup,13,5577,1.129,1746154207,,,,,,
430,backup,13,5590,1.128,1749147449,,,,,,
431,backup,13,5603,1.089,1752182728,,,,,,
432,backup,13,5616,1.219,1758345206,,,,,,
433,backup,13,5629,1.071,1761763715,,,,,,
434,backup,13,5642,1.093,1765363350,,,,,,
435,backup,13,5655,1.096,1767877760,,,,,,
436,backup,13,5668,1.084,1770512334,,,,,,
437,backup,13,5681,1.243,1776664113,,,,,,
438,backup,13,5694,1.323,1783231565,,,,,,
439,backup,13,5707,1.261,1787785900,,,,,,
440,backup,13,5720,1.122,1792255762,,,,,,
441,backup,13,5733,1.117,1794987019,,,,,,
442,backup,13,5746,1.134,1798641322,,,,,,
443,backup,13,5759,1.112,1801576017,,,,,,
444,backup,13,5772,1.122,1804838306,,,,,,
445,backup,13,5785,1.169,1809310334,,,,,,
446,backup,13,5798,1.113,1812362251,,,,,,
447,backup,13,5811,1.245,1818530243,,,,,,
448,backup,13,5824,1.128,1822029079,,,,,,
449,backup,13,5837,1.117,1825578864,,,,,,
450,backup,13,5850,1.139,1829500847,,,,,,
451,backup,13,5863,1.09,1832316376,,,,,,
452,backup,13,5876,1.103,1835788410,,,,,,
453,backup,13,5889,1.12,1838924635,,,,,,
454,backup,13,5902,1.224,1846024657,,,,,,
455,backup,13,5915,1.17,1849707951,,,,,,
456,backup,13,5928,1.123,1853291357,,,,,,
457,backup,13,5941,1.164,1858052512,,,,,,
458,backup,13,5954,1.169,1862760952,,,,,,
459,backup,13,5967,1.111,1866182245,,,,,,
460,backup,13,5980,1.143,1869865482,,,,,,
461,backup,13,5993,1.109,1873105236,,,,,,
462,backup,13,6006,1.153,1876866090,,,,,,
463,backup,13,6019,1.362,1887039460,,,,,,
464,backup,13,6032,1.126,1890969503,,,,,,
465,backup,13,6045,1.166,1895422202,,,,,,
466,backup,13,6058,1.112,1897594117,,,,,,
467,backup,13,6071,1.212,1904157168,,,,,,
468,backup,13,6084,1.177,1908813157,,,,,,
469,backup,13,6097,1.149,1913521369,,,,,,
470,backup,13,6110,1.171,1917929533,,,,,,
471,backup,13,6123,1.237,1922113396,,,,,,
472,backup,13,6136,1.187,1926994005,,,,,,
473,backup,13,6149,1.203,1932250299,,,,,,
474,backup,13,6162,1.313,1935684195,,,,,,
475,backup,13,6175,1.145,1938566138,,,,,,
476,backup,13,6188,1.1,1941611284,,,,,,
477,backup,13,6201,1.164,1946015542,,,,,,
478,backup,13,6214,1.131,1949632208,,,,,,
479,backup,13,6227,1.125,1952901062,,,,,,
480,backup,13,6240,1.242,1959119221,,,,,,
481,backup,13,6253,1.105,1961309110,,,,,,
482,backup,13,6266,1.212,1967137649,,,,,,
483,backup,13,6279,1.175,1971368730,,,,,,
484,backup,13,6292,1.265,1977673550,,,,,,
485,backup,13,6305,1.264,1983978331,,,,,,
486,backup,13,6318,1.137,1988069548,,,,,,
487,backup,13,6331,1.144,1991144074,,,,,,
488,backup,13,6344,1.164,1996217832,,,,,,
489,backup,13,6357,1.187,2000732794,,,,,,
490,backup,13,6370,1.185,2004415867,,,,,,
491,backup,13,6383,1.207,2008740587,,,,,,
492,backup,13,6396,1.14,2012806613,,,,,,
493,backup,13,6409,1.076,2014728354,,,,,,
494,backup,13,6422,1.116,2017624913,,,,,,
495,backup,13,6435,1.208,2021570820,,,,,,
496,backup,13,6448,1.209,2024205253,,,,,,
497,backup,13,6461,1.198,2029326738,,,,,,
498,backup,13,6474,1.186,2034116287,,,,,,
499,backup,13,6487,1.208,2038323805,,,,,,
500,backup,13,6500,1.113,2041366761,662,207608944,34.868,501,152,9
501,backup,13,6513,1.125,2044266598,,,,,,
502,backup,13,6526,1.24,2051739333,,,,,,
503,backup,13,6539,1.143,2056814733,,,,,,
504,backup,13,6552,1.3,2063927634,,,,,,
505,backup,13,6565,1.138,2068029740,,,,,,
506,backup,13,6578,1.15,2070883433,,,,,,
507,backup,13,6591,1.113,2073130278,,,,,,
508,backup,13,6604,1.121,2077287147,,,,,,
509,backup,13,6617,1.228,2081787360,,,,,,
510,backup,13,6630,1.07,2083992662,,,,,,
511,backup,13,6643,1.187,2087464331,,,,,,
512,backup,13,6656,1.195,2091630331,,,,,,
513,backup,13,6669,1.257,2096929681,,,,,,
514,backup,13,6682,1.174,2099906527,,,,,,
515,backup,13,6695,1.174,2104114070,,,,,,
516,backup,13,6708,1.143,2107296346,,,,,,
517,backup,13,6721,1.222,2113085268,,,,,,
518,backup,13,6734,1.12,2116506299,,,,,,
519,backup,13,6747,1.151,2119566275,,,,,,
520,backup,13,6760,1.247,2126821356,,,,,,
521,backup,13,6773,1.105,2130242237,,,,,,
522,backup,13,6786,1.301,2137682386,,,,,,
523,backup,13,6799,1.13,2140097663,,,,,,
524,backup,13,6812,1.23,2145211291,,,,,,
525,backup,13,6825,1.114,2148107808,,,,,,
526,backup,13,6838,1.16,2152577265,,,,,,
527,backup,13,6851,1.209,2156769085,,,,,,
528,backup,13,6864,1.127,2159927699,,,,,,
529,backup,13,6877,1.125,2162588017,,,,,,
530,backup,13,6890,1.163,2166971423,,,,,,
531,backup,13,6903,1.182,2171725398,,,,,,
532,backup,13,6916,1.211,2176457300,,,,,,
533,backup,13,6929,1.194,2181886576,,,,,,
534,backup,13,6942,1.17,2185951287,,,,,,
535,backup,13,6955,1.201,2190322892,,,,,,
536,backup,13,6968,1.359,2196116298,,,,,,
537,backup,13,6981,1.181,2200225484,,,,,,
538,backup,13,6994,1.205,2205698550,,,,,,
539,backup,13,7007,1.156,2209661568,,,,,,
540,backup,13,7020,1.265,2216228484,,,,,,
541,backup,13,7033,1.149,2219330978,,,,,,
542,backup,13,7046,1.207,2222227381,,,,,,
543,backup,13,7059,1.302,2227218585,,,,,,
544,backup,13,7072,1.147,2230127989,,,,,,
545,backup,13,7085,1.215,2233025144,,,,,,
546,backup,13,7098,1.19,2236939792,,,,,,
547,backup,13,7111,1.379,2239836227,,,,,,
548,backup,13,7124,1.209,2244911519,,,,,,
549,backup,13,7137,1.27,2249665406,,,,,,
550,backup,13,7150,1.29,2255076724,,,,,,
551,backup,13,7163,1.324,2262168146,,,,,,
552,backup,13,7176,1.25,2267424151,,,,,,
553,backup,13,7189,1.042,2270320641,,,,,,
554,backup,13,7202,1.123,2274257415,,,,,,
555,backup,13,7215,1.272,2277940323,,,,,,
556,backup,13,7228,1.374,2283196356,,,,,,
557,backup,13,7241,1.175,2287117800,,,,,,
558,backup,13,7254,1.229,2293348639,,,,,,
559,backup,13,7267,1.177,2297217344,,,,,,
560,backup,13,7280,1.202,2303819113,,,,,,
561,backup,13,7293,1.167,2307883783,,,,,,
562,backup,13,7306,1.163,2311609714,,,,,,
563,backup,13,7319,1.21,2316655318,,,,,,
564,backup,13,7332,1.191,2322373700,,,,,,
565,backup,13,7345,1.179,2326523571,,,,,,
566,backup,13,7358,1.137,2329256905,,,,,,
567,backup,13,7371,1.217,2334212850,,,,,,
568,backup,13,7384,1.173,2338477816,,,,,,
569,backup,13,7397,1.154,2341716830,,,,,,
570,backup,13,7410,1.158,2346195008,,,,,,
571,backup,13,7423,1.163,2349779386,,,,,,
572,backup,13,7436,1.133,2353986814,,,,,,
573,backup,13,7449,1.151,2357702066,,,,,,
574,backup,13,7462,1.308,2365738726,,,,,,
575,backup,13,7475,1.126,2368495151,,,,,,
576,backup,13,7488,1.15,2371793379,,,,,,
577,backup,13,7501,1.226,2375089812,,,,,,
578,backup,13,7514,1.183,2379989707,,,,,,
579,backup,13,7527,1.274,2384150856,,,,,,
580,backup,13,7540,1.247,2390194117,,,,,,
581,backup,13,7553,1.173,2394401778,,,,,,
582,backup,13,7566,1.242,2397822771,,,,,,
583,backup,13,7579,1.206,2402133884,,,,,,
584,backup,13,7592,1.171,2405817089,,,,,,
585,backup,13,7605,1.122,2409329551,,,,,,
586,backup,13,7618,1.158,2412414478,,,,,,
587,backup,13,7631,1.187,2416971060,,,,,,
588,backup,13,7644,1.148,2420153421,,,,,,
589,backup,13,7657,1.187,2424759034,,,,,,
590,backup,13,7670,1.24,2429916199,,,,,,
591,backup,13,7683,1.154,2433081543,,,,,,
592,backup,13,7696,1.206,2437706308,,,,,,
593,backup,13,7709,1.161,2440936460,,,,,,
594,backup,13,7722,1.217,2445269674,,,,,,
595,backup,13,7735,1.16,2448690638,,,,,,
596,backup,13,7748,1.199,2452798266,,,,,,
597,backup,13,7761,1.163,2457372499,,,,,,
598,backup,13,7774,1.236,2463278280,,,,,,
599,backup,13,7787,1.109,2465869826,,,,,,
600,backup,13,7800,1.164,2469368546,,,,,,
601,backup,13,7813,1.231,2472947191,,,,,,
602,backup,13,7826,1.157,2475672579,,,,,,
603,backup,13,7839,1.513,2483446161,,,,,,
604,backup,13,7852,1.19,2487653592,,,,,,
605,backup,13,7865,1.297,2492471201,,,,,,
606,backup,13,7878,1.197,2496029401,,,,,,
607,backup,13,7891,1.206,2500897497,,,,,,
608,backup,13,7904,1.218,2507147712,,,,,,
609,backup,13,7917,1.218,2512438713,,,,,,
610,backup,13,7930,1.087,2514811107,,,,,,
611,backup,13,7943,1.322,2521184302,,,,,,
612,backup,13,7956,1.151,2524080904,,,,,,
613,backup,13,7969,1.191,2527220256,,,,,,
614,backup,13,7982,1.17,2531482367,,,,,,
615,backup,13,7995,1.39,2539615712,,,,,,
616,backup,13,8008,1.233,2544347640,,,,,,
617,backup,13,8021,1.243,2549294745,,,,,,
618,backup,13,8034,1.23,2553838443,,,,,,
619,backup,13,8047,1.161,2555948559,,,,,,
620,backup,13,8060,1.183,2559621793,,,,,,
621,backup,13,8073,1.09,2563042632,,,,,,
622,backup,13,8086,1.031,2566242689,,,,,,
623,backup,13,8099,1.065,2569286526,,,,,,
624,backup,13,8112,1.1,2573083291,,,,,,
625,backup,13,8125,1.122,2577227722,,,,,,
626,backup,13,8138,1.011,2579842726,,,,,,
627,backup,13,8151,1.237,2586340881,,,,,,
628,backup,13,8164,1.338,2595303312,,,,,,
629,backup,13,8177,1.114,2597914160,,,,,,
630,backup,13,8190,1.193,2603793721,,,,,,
631,backup,13,8203,1.17,2607970989,,,,,,
632,backup,13,8216,1.212,2611950993,,,,,,
633,backup,13,8229,1.05,2615109907,,,,,,
634,backup,13,8242,1.03,2618268697,,,,,,
635,backup,13,8255,1.136,2622256404,,,,,,
636,backup,13,8268,1.087,2626780785,,,,,,
637,backup,13,8281,1.135,2630619075,,,,,,
638,backup,13,8294,1.03,2634765641,,,,,,
639,backup,13,8307,0.997,2637503156,,,,,,
640,backup,13,8320,0.985,2640394352,,,,,,
641,backup,13,8333,1.124,2645126062,,,,,,
642,backup,13,8346,1.079,2647920113,,,,,,
643,backup,13,8359,1.176,2654521134,,,,,,
644,backup,13,8372,1.089,2660849590,,,,,,
645,backup,13,8385,1.163,2664985145,,,,,,
646,backup,13,8398,1.079,2667556587,,,,,,
647,backup,13,8411,1.12,2671478136,,,,,,
648,backup,13,8424,1.194,2675914321,,,,,,
649,backup,13,8437,1.154,2679996042,,,,,,
650,backup,13,8450,1.15,2682715444,,,,,,
651,backup,13,8463,1.175,2687160062,,,,,,
652,backup,13,8476,1.226,2689270320,,,,,,
653,backup,13,8489,11.456,2695548904,,,,,,
654,backup,13,8502,10.998,2700018653,,,,,,
655,backup,13,8515,1.257,2705751352,,,,,,
656,backup,13,8528,1.159,2709022619,,,,,,
657,backup,13,8541,1.241,2713131592,,,,,,
658,backup,13,8554,1.147,2716552525,,,,,,
659,backup,13,8567,1.197,2720656228,,,,,,
660,backup,13,8580,1.217,2724601699,,,,,,
661,backup,13,8593,1.158,2728279444,,,,,,
662,backup,13,8606,1.286,2735114055,,,,,,
663,backup,13,8619,1.156,2738644627,,,,,,
664,backup,13,8632,1.211,2743044657,,,,,,
665,backup,13,8645,1.189,2748300693,,,,,,
666,backup,13,8658,1.196,2751969249,,,,,,
667,backup,13,8671,1.149,2754341583,,,,,,
668,backup,13,8684,1.155,2758059457,,,,,,
669,backup,13,8697,1.226,2761775620,,,,,,
670,backup,13,8710,1.161,2765682738,,,,,,
671,backup,13,8723,1.263,2771725677,,,,,,
672,backup,13,8736,1.269,2777523659,,,,,,
673,backup,13,8749,1.186,2780583595,,,,,,
674,backup,13,8762,1.201,2784212861,,,,,,
675,backup,13,8775,1.18,2787109500,,,,,,
676,backup,13,8788,1.223,2790268356,,,,,,
677,backup,13,8801,1.191,2793494157,,,,,,
678,backup,13,8814,1.294,2797843390,,,,,,
679,backup,13,8827,1.189,2800314578,,,,,,
680,backup,13,8840,1.18,2804057200,,,,,,
681,backup,13,8853,1.213,2808756975,,,,,,
682,backup,13,8866,1.203,2811661554,,,,,,
683,backup,13,8879,1.351,2818322206,,,,,,
684,backup,13,8892,1.372,2823022149,,,,,,
685,backup,13,8905,1.203,2826443025,,,,,,
686,backup,13,8918,1.117,2828842613,,,,,,
687,backup,13,8931,1.194,2833681396,,,,,,
688,backup,13,8944,1.276,2838104580,,,,,,
689,backup,13,8957,1.2,2841854553,,,,,,
690,backup,13,8970,1.132,2844913216,,,,,,
691,backup,13,8983,1.37,2853053682,,,,,,
692,backup,13,8996,1.255,2858047465,,,,,,
693,backup,13,9009,1.222,2862154658,,,,,,
694,backup,13,9022,1.206,2865983478,,,,,,
695,backup,13,9035,1.133,2868355687,,,,,,
696,backup,13,9048,1.184,2872089935,,,,,,
697,backup,13,9061,1.182,2875518809,,,,,,
698,backup,13,9074,1.253,2880937008,,,,,,
699,backup,13,9087,1.242,2885339652,,,,,,
700,backup,13,9100,1.255,2891001150,,,,,,
701,backup,13,9113,1.161,2893813493,,,,,,
702,backup,13,9126,1.318,2898708646,,,,,,
703,backup,13,9139,1.263,2903354206,,,,,,
704,backup,13,9152,1.236,2908234082,,,,,,
705,backup,13,9165,1.295,2915058011,,,,,,
706,backup,13,9178,1.284,2920576219,,,,,,
707,backup,13,9191,1.164,2923472768,,,,,,
708,backup,13,9204,1.162,2926135549,,,,,,
709,backup,13,9217,1.168,2929032101,,,,,,
710,backup,13,9230,1.291,2933888762,,,,,,
711,backup,13,9243,1.463,2944252450,,,,,,
712,backup,13,9256,1.248,2949785955,,,,,,
713,backup,13,9269,1.255,2955455982,,,,,,
714,backup,13,9282,1.16,2958170052,,,,,,
715,backup,13,9295,1.25,2961653182,,,,,,
716,backup,13,9308,1.209,2965901134,,,,,,
717,backup,13,9321,1.198,2969470979,,,,,,
718,backup,13,9334,1.218,2972909380,,,,,,
719,backup,13,9347,1.126,2975806714,,,,,,
720,backup,13,9360,1.217,2979244196,,,,,,
721,backup,13,9373,1.26,2982665064,,,,,,
722,backup,13,9386,1.199,2986542257,,,,,,
723,backup,13,9399,1.186,2991179261,,,,,,
724,backup,13,9412,1.292,2998795930,,,,,,
725,backup,13,9425,1.219,3002833291,,,,,,
726,backup,13,9438,1.248,3008089378,,,,,,
727,backup,13,9451,1.255,3010986054,,,,,,
728,backup,13,9464,1.222,3014974641,,,,,,
729,backup,13,9477,1.207,3018606135,,,,,,
730,backup,13,9490,1.237,3022027082,,,,,,
731,backup,13,9503,1.135,3024555286,,,,,,
732,backup,13,9516,1.225,3029067360,,,,,,
733,backup,13,9529,1.315,3032488318,,,,,,
734,backup,13,9542,1.169,3036176298,,,,,,
735,backup,13,9555,1.26,3040646109,,,,,,
736,backup,13,9568,1.118,3043542879,,,,,,
737,backup,13,9581,1.185,3046701735,,,,,,
738,backup,13,9594,1.199,3049607165,,,,,,
739,backup,13,9607,1.229,3054515694,,,,,,
740,backup,13,9620,1.304,3058204172,,,,,,
741,backup,13,9633,1.247,3062411755,,,,,,
742,backup,13,9646,1.344,3069241215,,,,,,
743,backup,13,9659,1.153,3072137820,,,,,,
744,backup,13,9672,1.319,3076083118,,,,,,
745,backup,13,9685,1.271,3080513161,,,,,,
746,backup,13,9698,1.274,3084913566,,,,,,
747,backup,13,9711,1.309,3090471446,,,,,,
748,backup,13,9724,1.25,3095168969,,,,,,
749,backup,13,9737,1.249,3097625517,,,,,,
750,backup,13,9750,1.437,3103386791,918,201358233,37.16,751,158,9
751,backup,13,9763,1.254,3107599849,,,,,,
752,backup,13,9776,1.138,3111283160,,,,,,
753,backup,13,9789,1.09,3113917768,,,,,,
754,backup,13,9802,1.143,3119477193,,,,,,
755,backup,13,9815,1.198,3123192137,,,,,,
756,backup,13,9828,1.152,3126393574,,,,,,
757,backup,13,9841,1.299,3129797905,,,,,,
758,backup,13,9854,1.266,3134512971,,,,,,
759,backup,13,9867,1.124,3136945637,,,,,,
760,backup,13,9880,1.43,3146766750,,,,,,
761,backup,13,9893,1.457,3155432519,,,,,,
762,backup,13,9906,1.178,3158853747,,,,,,
763,backup,13,9919,1.113,3161226390,,,,,,
764,backup,13,9932,1.294,3166482806,,,,,,
765,backup,13,9945,1.173,3169959758,,,,,,
766,backup,13,9958,1.269,3173648357,,,,,,
767,backup,13,9971,1.163,3177281289,,,,,,
768,backup,13,9984,1.335,3184632580,,,,,,
769,backup,13,9997,1.128,3187953604,,,,,,
770,backup,13,10010,1.196,3191044818,,,,,,
771,backup,13,10023,1.128,3194198488,,,,,,
772,backup,13,10036,1.196,3198174132,,,,,,
773,backup,13,10049,1.44,3203033724,,,,,,
774,backup,13,10062,1.315,3205775256,,,,,,
775,backup,13,10075,1.523,3211628407,,,,,,
776,backup,13,10088,1.318,3214726244,,,,,,
777,backup,13,10101,1.4,3220218331,,,,,,
778,backup,13,10114,1.405,3226590324,,,,,,
779,backup,13,10127,1.185,3230733358,,,,,,
780,backup,13,10140,1.17,3236281181,,,,,,
781,backup,13,10153,1.132,3238659228,,,,,,
782,backup,13,10166,1.15,3241731846,,,,,,
783,backup,13,10179,1.008,3244891009,,,,,,
784,backup,13,10192,1.064,3248044776,,,,,,
785,backup,13,10205,1.385,3252818176,,,,,,
786,backup,13,10218,1.461,3258872203,,,,,,
787,backup,13,10231,1.495,3262804617,,,,,,
788,backup,13,10244,1.174,3266651723,,,,,,
789,backup,13,10257,1.2,3272434017,,,,,,
790,backup,13,10270,1.264,3278675225,,,,,,
791,backup,13,10283,1.138,3282394278,,,,,,
792,backup,13,10296,1.315,3287626798,,,,,,
793,backup,13,10309,1.167,3290553563,,,,,,
794,backup,13,10322,1.179,3294803529,,,,,,
795,backup,13,10335,1.257,3300258049,,,,,,
796,backup,13,10348,1.169,3304332866,,,,,,
797,backup,13,10361,1.141,3306580613,,,,,,
798,backup,13,10374,1.188,3310038332,,,,,,
799,backup,13,10387,1.123,3312524076,,,,,,
800,backup,13,10400,1.131,3315574809,,,,,,
801,backup,13,10413,1.151,3318466715,,,,,,
802,backup,13,10426,1.199,3324142138,,,,,,
803,backup,13,10439,1.143,3328087573,,,,,,
804,backup,13,10452,1.144,3331215540,,,,,,
805,backup,13,10465,1.095,3334374424,,,,,,
806,backup,13,10478,1.218,3340186100,,,,,,
807,backup,13,10491,1.163,3344116317,,,,,,
808,backup,13,10504,1.195,3348428750,,,,,,
809,backup,13,10517,1.188,3353685228,,,,,,
810,backup,13,10530,1.199,3358617460,,,,,,
811,backup,13,10543,1.211,3363387113,,,,,,
812,backup,13,10556,1.173,3368789978,,,,,,
813,backup,13,10569,1.175,3373102192,,,,,,
814,backup,13,10582,1.177,3377280787,,,,,,
815,backup,13,10595,1.176,3380802837,,,,,,
816,backup,13,10608,1.151,3384224015,,,,,,
817,backup,13,10621,1.189,3390559215,,,,,,
818,backup,13,10634,1.116,3393588075,,,,,,
819,backup,13,10647,1.152,3397575636,,,,,,
820,backup,13,10660,1.171,3402354522,,,,,,
821,backup,13,10673,1.124,3405293843,,,,,,
822,backup,13,10686,1.151,3408905759,,,,,,
823,backup,13,10699,1.32,3415925102,,,,,,
824,backup,13,10712,1.25,3422827301,,,,,,
825,backup,13,10725,1.122,3425247427,,,,,,
826,backup,13,10738,1.149,3428930786,,,,,,
827,backup,13,10751,1.143,3432466456,,,,,,
828,backup,13,10764,1.127,3435977447,,,,,,
829,backup,13,10777,1.169,3438874385,,,,,,
830,backup,13,10790,1.207,3444084188,,,,,,
831,backup,13,10803,1.143,3447730821,,,,,,
832,backup,13,10816,1.18,3452077297,,,,,,
833,backup,13,10829,1.15,3455928780,,,,,,
834,backup,13,10842,1.221,3461992746,,,,,,
835,backup,13,10855,1.318,3465926163,,,,,,
836,backup,13,10868,1.315,3470549429,,,,,,
837,backup,13,10881,1.112,3473252432,,,,,,
838,backup,13,10894,1.199,3477630507,,,,,,
839,backup,13,10907,1.115,3480164009,,,,,,
840,backup,13,10920,1.29,3486723025,,,,,,
841,backup,13,10933,1.196,3491049953,,,,,,
842,backup,13,10946,1.168,3494534845,,,,,,
843,backup,13,10959,1.155,3497332887,,,,,,
844,backup,13,10972,1.155,3501966063,,,,,,
845,backup,13,10985,1.165,3506168175,,,,,,
846,backup,13,10998,1.146,3509327082,,,,,,
847,backup,13,11011,1.229,3514957945,,,,,,
848,backup,13,11024,1.132,3517854721,,,,,,
849,backup,13,11037,1.264,3523069943,,,,,,
850,backup,13,11050,1.19,3526712101,,,,,,
851,backup,13,11063,1.216,3531458935,,,,,,
852,backup,13,11076,1.35,3541743709,,,,,,
853,backup,13,11089,1.113,3545314054,,,,,,
854,backup,13,11102,1.193,3549865847,,,,,,
855,backup,13,11115,1.194,3553030117,,,,,,
856,backup,13,11128,1.136,3557359014,,,,,,
857,backup,13,11141,1.209,3562191679,,,,,,
858,backup,13,11154,1.199,3568339702,,,,,,
859,backup,13,11167,1.117,3571653422,,,,,,
860,backup,13,11180,1.169,3575777147,,,,,,
861,backup,13,11193,1.378,3580677256,,,,,,
862,backup,13,11206,1.312,3586926225,,,,,,
863,backup,13,11219,1.147,3591054439,,,,,,
864,backup,13,11232,1.188,3595693471,,,,,,
865,backup,13,11245,1.164,3599887423,,,,,,
866,backup,13,11258,1.175,3603442732,,,,,,
867,backup,13,11271,1.213,3606339345,,,,,,
868,backup,13,11284,1.237,3610262583,,,,,,
869,backup,13,11297,1.267,3616148162,,,,,,
870,backup,13,11310,1.164,3620276376,,,,,,
871,backup,13,11323,1.247,3626288605,,,,,,
872,backup,13,11336,1.166,3629363272,,,,,,
873,backup,13,11349,1.199,3632804467,,,,,,
874,backup,13,11362,1.227,3638123868,,,,,,
875,backup,13,11375,1.166,3643179152,,,,,,
876,backup,13,11388,1.14,3646586930,,,,,,
877,backup,13,11401,1.219,3651647802,,,,,,
878,backup,13,11414,1.182,3654544425,,,,,,
879,backup,13,11427,1.259,3659457389,,,,,,
880,backup,13,11440,1.175,3662318159,,,,,,
881,backup,13,11453,1.136,3665712990,,,,,,
882,backup,13,11466,1.196,3670250916,,,,,,
883,backup,13,11479,1.141,3673319094,,,,,,
884,backup,13,11492,1.158,3676854435,,,,,,
885,backup,13,11505,1.324,3685519214,,,,,,
886,backup,13,11518,1.132,3688843411,,,,,,
887,backup,13,11531,1.135,3692436757,,,,,,
888,backup,13,11544,1.116,3695548873,,,,,,
889,backup,13,11557,1.118,3697921132,,,,,,
890,backup,13,11570,1.238,3704145363,,,,,,
891,backup,13,11583,1.084,3706255449,,,,,,
892,backup,13,11596,1.107,3708889841,,,,,,
893,backup,13,11609,1.162,3711633594,,,,,,
894,backup,13,11622,1.18,3715654425,,,,,,
895,backup,13,11635,1.213,3720261018,,,,,,
896,backup,13,11648,1.211,3723268599,,,,,,
897,backup,13,11661,1.189,3726672695,,,,,,
898,backup,13,11674,1.129,3729394836,,,,,,
899,backup,13,11687,1.176,3732892142,,,,,,
900,backup,13,11700,1.197,3736575131,,,,,,
901,backup,13,11713,1.232,3740389704,,,,,,
902,backup,13,11726,1.147,3744965042,,,,,,
903,backup,13,11739,1.173,3748648003,,,,,,
904,backup,13,11752,1.128,3751806689,,,,,,
905,backup,13,11765,1.264,3756413357,,,,,,
906,backup,13,11778,1.226,3761145010,,,,,,
907,backup,13,11791,1.204,3766152760,,,,,,
908,backup,13,11804,1.141,3769575408,,,,,,
909,backup,13,11817,1.255,3772471856,,,,,,
910,backup,13,11830,1.186,3776941359,,,,,,
911,backup,13,11843,1.187,3781133779,,,,,,
912,backup,13,11856,1.225,3785957501,,,,,,
913,backup,13,11869,1.209,3789796448,,,,,,
914,backup,13,11882,1.193,3794265977,,,,,,
915,backup,13,11895,1.203,3798997596,,,,,,
916,backup,13,11908,1.205,3802625792,,,,,,
917,backup,13,11921,1.149,3806756321,,,,,,
918,backup,13,11934,1.276,3812536743,,,,,,
919,backup,13,11947,1.125,3815433244,,,,,,
920,backup,13,11960,1.188,3820164899,,,,,,
921,backup,13,11973,1.212,3824965670,,,,,,
922,backup,13,11986,1.2,3829188043,,,,,,
923,backup,13,11999,1.15,3832305914,,,,,,
924,backup,13,12012,1.23,3837585754,,,,,,
925,backup,13,12025,1.233,3842233370,,,,,,
926,backup,13,12038,1.246,3847489620,,,,,,
927,backup,13,12051,1.227,3853270308,,,,,,
928,backup,13,12064,1.159,3856651127,,,,,,
929,backup,13,12077,1.175,3860334206,,,,,,
930,backup,13,12090,1.251,3865438903,,,,,,
931,backup,13,12103,1.2,3868813460,,,,,,
932,backup,13,12116,1.251,3872496384,,,,,,
933,backup,13,12129,1.115,3875130704,,,,,,
934,backup,13,12142,1.148,3878908698,,,,,,
935,backup,13,12155,1.14,3882225760,,,,,,
936,backup,13,12168,1.209,3885451395,,,,,,
937,backup,13,12181,1.344,3895033428,,,,,,
938,backup,13,12194,1.158,3897929949,,,,,,
939,backup,13,12207,1.273,3904759201,,,,,,
940,backup,13,12220,1.245,3911058774,,,,,,
941,backup,13,12233,1.15,3913955328,,,,,,
942,backup,13,12246,1.211,3917860051,,,,,,
943,backup,13,12259,1.167,3922410115,,,,,,
944,backup,13,12272,1.161,3925306643,,,,,,
945,backup,13,12285,1.283,3928727466,,,,,,
946,backup,13,12298,1.303,3931583998,,,,,,
947,backup,13,12311,1.239,3936673452,,,,,,
948,backup,13,12324,1.207,3940791991,,,,,,
949,backup,13,12337,1.234,3945214268,,,,,,
950,backup,13,12350,1.171,3947848670,,,,,,
951,backup,13,12363,1.25,3952874242,,,,,,
952,backup,13,12376,1.253,3957784848,,,,,,
953,backup,13,12389,1.13,3960188031,,,,,,
954,backup,13,12402,1.301,3967417630,,,,,,
955,backup,13,12415,1.135,3970367686,,,,,,
956,backup,13,12428,1.252,3975256040,,,,,,
957,backup,13,12441,1.094,3977870143,,,,,,
958,backup,13,12454,1.199,3982393310,,,,,,
959,backup,13,12467,1.283,3991057795,,,,,,
960,backup,13,12480,1.183,3995759547,,,,,,
961,backup,13,12493,1.226,4000969760,,,,,,
962,backup,13,12506,1.154,4004223596,,,,,,
963,backup,13,12519,1.404,4009827334,,,,,,
964,backup,13,12532,1.095,4012553535,,,,,,
965,backup,13,12545,1.254,4018633849,,,,,,
966,backup,13,12558,1.22,4024250388,,,,,,
967,backup,13,12571,1.13,4027027815,,,,,,
968,backup,13,12584,1.194,4029891403,,,,,,
969,backup,13,12597,1.145,4033312306,,,,,,
970,backup,13,12610,1.156,4037257711,,,,,,
971,backup,13,12623,1.293,4042156242,,,,,,
972,backup,13,12636,1.188,4046096612,,,,,,
973,backup,13,12649,1.19,4049593912,,,,,,
974,backup,13,12662,1.139,4052823633,,,,,,
975,backup,13,12675,1.168,4056671711,,,,,,
976,backup,13,12688,1.24,4061927866,,,,,,
977,backup,13,12701,1.17,4065716129,,,,,,
978,backup,13,12714,1.183,4069863006,,,,,,
979,backup,13,12727,1.258,4074804266,,,,,,
980,backup,13,12740,1.196,4079222633,,,,,,
981,backup,13,12753,1.241,4083864149,,,,,,
982,backup,13,12766,1.271,4090742464,,,,,,
983,backup,13,12779,1.189,4094093533,,,,,,
984,backup,13,12792,1.226,4100316795,,,,,,
985,backup,13,12805,1.258,4107174684,,,,,,
986,backup,13,12818,1.219,4112430958,,,,,,
987,backup,13,12831,1.162,4117425120,,,,,,
988,backup,13,12844,1.227,4122376596,,,,,,
989,backup,13,12857,1.244,4126386992,,,,,,
990,backup,13,12870,1.193,4132064383,,,,,,
991,backup,13,12883,1.109,4135243131,,,,,,
992,backup,13,12896,1.148,4138106906,,,,,,
993,backup,13,12909,1.227,4141822334,,,,,,
994,backup,13,12922,1.145,4145505624,,,,,,
995,backup,13,12935,1.242,4150916640,,,,,,
996,backup,13,12948,1.17,4154862317,,,,,,
997,backup,13,12961,1.149,4159336949,,,,,,
998,backup,13,12974,1.159,4161996152,,,,,,
999,backup,13,12987,1.24,4168123523,,,,,,
1000,backup,13,13000,1.242,4173649373,1170,206787876,46.366,1001,160,9
1000,repaired,1011,14011,17.642,4173467440,171,206519019,40.375,2,160,9
